{"algorithm": "PPO", "n_stack": 6, "n_steps": 1024, "learning_rate": 0.0002335684898827853, "ent_coef": 0.002730618814698795, "clip_range": 0.10858194881186914, "gamma": 0.9123684659818945, "gae_lambda": 0.9269632951142954, "max_grad_norm": 0.8891260612922738}