{"learning_rate": 0.00015599309156317636, "weight_decay": 1.2118280989610047e-06, "step_size": 901, "gamma": 0.4688328168406856, "batch_size": 15}
